{
	"description": "项目配置文件。",
	"setting": {
		"urlCheck": false,
		"es6": false,
		"postcss": true,
		"minified": true,
		"newFeature": true
	},
	"client": "./dist",
	"svr": "./server",
	"miniprogramRoot": "./dist",
	"qcloudRoot": "./server",
	"compileType": "miniprogram",
	"appid": "wx2e74405674c01fba",
	"projectname": "mpvue",
	"condition": {
		"search": {
			"current": -1,
			"list": []
		},
		"conversation": {
			"current": -1,
			"list": []
		},
		"game": {
			"currentL": -1,
			"list": []
		},
		"miniprogram": {
			"current": -1,
			"list": []
		}
	}
}